sentence,sentiment,cleaned_sentence,positive_score,negative_score,neutral_score,tiempo_fuzzification,sentimiento_defuzzificado,tiempo_defuzzificacion,tiempo_total
i loooooooovvvvvveee my kindle not that the dx is cool but the is fantastic in its own right,Positive,i loooooooovvvvvveee my kindle not that the dx is cool but the is fantastic in its own right,0.382,0.0,0.618,0.022599997464567423,Positive,0.10650000331224874,0.12910000077681616
reading my kindle love it lee childs is good read,Positive,reading my kindle love it lee childs is good read,0.47,0.0,0.53,0.011600001016631722,Positive,0.07729999924777076,0.08890000026440248
ok first assesment of the kindle it fucking rocks,Positive,ok first assesment of the kindle it fucking rocks,0.216,0.0,0.784,0.009699993825051934,Neutral,0.08610000077169389,0.09579999459674582
you ll love your kindle i ve had mine for a few months and never looked back the new big one is huge no need for remorse,Positive,you ll love your kindle i ve had mine for a few months and never looked back the new big one is huge no need for remorse,0.204,0.135,0.66,0.01080000220099464,Neutral,0.07069999992381781,0.08150000212481245
fair enough but i have the kindle and i think it s perfect,Positive,fair enough but i have the kindle and i think it s perfect,0.456,0.0,0.544,0.009800001862458885,Positive,0.06479999865405262,0.0746000005165115
no it is too big i m quite happy with the kindle,Positive,no it is too big i m quite happy with the kindle,0.281,0.155,0.564,0.00979999458650127,Neutral,0.07199999527074397,0.08179998985724524
fuck this economy i hate aig and their non loan given asses,Negative,fuck this economy i hate aig and their non loan given asses,0.0,0.444,0.556,0.009399998816661537,Negative,0.06779999966965988,0.07719999848632142
jquery is my new best friend,Positive,jquery is my new best friend,0.649,0.0,0.351,0.009499999578110874,Positive,0.0625000029685907,0.07200000254670158
loves twitter,Positive,loves twitter,0.787,0.0,0.213,0.017799997294787318,Positive,0.12329999299254268,0.14109999028733
how can you not love obama he makes jokes about himself,Positive,how can you not love obama he makes jokes about himself,0.139,0.234,0.626,0.010199997632298619,Neutral,0.2108000044245273,0.2210000020568259
i firmly believe that obama pelosi have zero desire to be civil it s a charade and a slogan but they want to destroy conservatism,Negative,i firmly believe that obama pelosi have zero desire to be civil it s a charade and a slogan but they want to destroy conservatism,0.127,0.182,0.691,0.009800001862458885,Neutral,0.2516999957151711,0.26149999757763
house correspondents dinner was last night whoopi barbara amp sherri went obama got a standing ovation,Positive,house correspondents dinner was last night whoopi barbara amp sherri went obama got a standing ovation,0.0,0.0,1.0,0.008899995009414852,Neutral,0.490999998874031,0.49989999388344586
watchin espn jus seen this new nike commerical with a puppet lebron sh t was hilarious lmao,Positive,watchin espn jus seen this new nike commerical with a puppet lebron sh t was hilarious lmao,0.337,0.0,0.663,0.009200004569720477,Positive,0.18309999722987413,0.1923000017995946
dear nike stop with the flywire that shit is a waste of science and ugly love,Negative,dear nike stop with the flywire that shit is a waste of science and ugly love,0.245,0.43,0.325,0.009999996109399945,Neutral,0.12550000246847048,0.13549999857787043
lebron best athlete of our generation if not all time basketball related i don t want to get into inter sport debates about __,Positive,lebron best athlete of our generation if not all time basketball related i don t want to get into inter sport debates about,0.224,0.0,0.776,0.0092999980552122,Neutral,0.11180000001331791,0.12109999806853011
i was talking to this guy last night and he was telling me that he is a die hard spurs fan he also told me that he hates lebron james,Negative,i was talking to this guy last night and he was telling me that he is a die hard spurs fan he also told me that he hates lebron james,0.067,0.238,0.696,0.009800001862458885,Neutral,0.13980000221636146,0.14960000407882035
i love lebron,Positive,i love lebron,0.808,0.0,0.192,0.009499999578110874,Positive,0.11870000162161887,0.12820000119972974
lebron is a beast but i m still cheering the a til the end,Negative,lebron is a beast but i m still cheering the a til the end,0.331,0.0,0.669,0.0092999980552122,Positive,0.1875000016298145,0.1967999996850267
lebron is the boss,Positive,lebron is the boss,0.0,0.0,1.0,0.008700000762473792,Neutral,0.23460000375052914,0.24330000451300293
lebron is a hometown hero to me lol i love the lakers but let s go cavs lol,Positive,lebron is a hometown hero to me lol i love the lakers but let s go cavs lol,0.488,0.0,0.512,0.009399998816661537,Positive,0.148899998748675,0.15829999756533653
lebron and zydrunas are such an awesome duo,Positive,lebron and zydrunas are such an awesome duo,0.369,0.0,0.631,0.009000003046821803,Positive,0.19040000188397244,0.19940000493079424
lebron is a beast nobody in the nba comes even close,Positive,lebron is a beast nobody in the nba comes even close,0.0,0.0,1.0,0.00809999619377777,Neutral,0.240100001974497,0.24819999816827476
downloading apps for my iphone so much fun there literally is an app for just about anything,Positive,downloading apps for my iphone so much fun there literally is an app for just about anything,0.183,0.0,0.817,0.008800001523923129,Neutral,0.09580000187270343,0.10460000339662656
good news just had a call from the visa office saying everything is fine what a relief i am sick of scams out there stealing,Positive,good news just had a call from the visa office saying everything is fine what a relief i am sick of scams out there stealing,0.225,0.312,0.462,0.009700001101009548,Neutral,0.08119999984046444,0.09090000094147399
awesome come back from via,Positive,awesome come back from via,0.506,0.0,0.494,0.009099996532313526,Positive,0.06909999501658604,0.07819999154889956
in montreal for a long weekend of r amp r much needed,Positive,in montreal for a long weekend of r amp r much needed,0.0,0.0,1.0,0.008100003469735384,Neutral,0.1066999975591898,0.11480000102892518
booz allen hamilton has a bad ass homegrown social collaboration platform way cool ttiv,Positive,booz allen hamilton has a bad ass homegrown social collaboration platform way cool ttiv,0.422,0.0,0.578,0.009200004569720477,Positive,0.0714999987394549,0.08070000330917537
mluc customer innovation award winner booz allen hamilton,Positive,mluc customer innovation award winner booz allen hamilton,0.664,0.0,0.336,0.009099996532313526,Positive,0.06769999890821055,0.07679999544052407
i current use the nikon d and love it but not as much as the canon d d i chose the d for the video feature my mistake,Positive,i current use the nikon d and love it but not as much as the canon d d i chose the d for the video feature my mistake,0.101,0.121,0.778,0.009499999578110874,Neutral,0.13730000500800088,0.14680000458611175
google is always a good place to look should ve mentioned i worked on the mustang w my dad,Positive,google is always a good place to look should ve mentioned i worked on the mustang w my dad,0.162,0.0,0.838,0.008999995770864189,Neutral,0.08689999958733097,0.09589999535819516
played with an android google phone the slide out screen scares me i would break that fucker so fast still prefer my iphone,Negative,played with an android google phone the slide out screen scares me i would break that fucker so fast still prefer my iphone,0.085,0.238,0.676,0.009800001862458885,Neutral,0.07919999916339293,0.08900000102585182
us planning to resume the military tribunals at guantanamo bay only this time those on trial will be aig execs and chrysler debt holders,Negative,us planning to resume the military tribunals at guantanamo bay only this time those on trial will be aig execs and chrysler debt holders,0.0,0.098,0.902,0.009399998816661537,Neutral,0.11950000043725595,0.12889999925391749
omg so bored amp my tattoooos are so itchy help aha,Negative,omg so bored amp my tattoooos are so itchy help aha,0.185,0.319,0.497,0.009800001862458885,Neutral,0.17550000484334305,0.18530000670580193
i m itchy and miserable,Negative,i m itchy and miserable,0.0,0.841,0.159,0.0092999980552122,Negative,0.2378999997745268,0.247199997829739
no i m not itchy for now maybe later lol,Negative,no i m not itchy for now maybe later lol,0.391,0.186,0.423,0.014099998224992305,Neutral,0.15239999629557133,0.16649999452056363
rt i love the nerdy stanford human biology videos makes me miss school,Positive,rt i love the nerdy stanford human biology videos makes me miss school,0.263,0.175,0.562,0.00979999458650127,Neutral,0.08920000254875049,0.09899999713525176
has been a bit crazy with steep learning curve but lyx is really good for long docs for anything shorter it would be insane,Positive,has been a bit crazy with steep learning curve but lyx is really good for long docs for anything shorter it would be insane,0.145,0.178,0.677,0.011200005246791989,Neutral,0.08240000170189887,0.09360000694869086
i m listening to p y t by danny gokey lt lt lt aww he s so amazing i lt him so much,Positive,i m listening to p y t by danny gokey lt lt lt aww he s so amazing i lt him so much,0.245,0.0,0.755,0.008899995009414852,Neutral,0.08759999764151871,0.09649999265093356
is going to sleep then on a bike ride,Positive,is going to sleep then on a bike ride,0.0,0.0,1.0,0.008700000762473792,Neutral,0.10489999840501696,0.11359999916749075
cant sleep my tooth is aching,Negative,cant sleep my tooth is aching,0.0,0.39,0.61,0.00910000380827114,Negative,0.09240000508725643,0.10150000889552757
blah blah blah same old same old no plans today going back to sleep i guess,Negative,blah blah blah same old same old no plans today going back to sleep i guess,0.0,0.368,0.632,0.008700000762473792,Negative,0.08659999730298296,0.09529999806545675
glad i didnt do bay to breakers today it s freaking degrees in san francisco wtf,Negative,glad i didnt do bay to breakers today it s freaking degrees in san francisco wtf,0.146,0.32,0.534,0.009800001862458885,Neutral,0.0822000001790002,0.09200000204145908
obama administration must stop bonuses to aig ponzi schemers,Negative,obama administration must stop bonuses to aig ponzi schemers,0.281,0.172,0.547,0.009800001862458885,Neutral,0.11069999891333282,0.1205000007757917
started to think that citi is in really deep s amp t are they gonna survive the turmoil or are they gonna be the next aig,Negative,started to think that citi is in really deep s amp t are they gonna survive the turmoil or are they gonna be the next aig,0.0,0.098,0.902,0.009000003046821803,Neutral,0.09519999730400741,0.10420000035082921
shaunwoo hate n on aig,Negative,shaunwoo hate n on aig,0.0,0.552,0.448,0.0092999980552122,Negative,0.07490000280085951,0.08420000085607171
you will not regret going to see star trek it was awesome,Positive,you will not regret going to see star trek it was awesome,0.391,0.0,0.609,0.009099996532313526,Positive,0.12109999806853011,0.13019999460084364
annoying new trend on the internets people picking apart michael lewis and malcolm gladwell nobody wants to read that,Negative,annoying new trend on the internets people picking apart michael lewis and malcolm gladwell nobody wants to read that,0.0,0.13,0.87,0.011100004485342652,Neutral,0.09809999755816534,0.109200002043508
highly recommend by malcolm gladwell,Positive,highly recommend by malcolm gladwell,0.411,0.0,0.589,0.010200004908256233,Positive,0.076299998909235,0.08650000381749123
blink by malcolm gladwell amazing book and the tipping point,Positive,blink by malcolm gladwell amazing book and the tipping point,0.297,0.0,0.703,0.010299998393747956,Neutral,0.12409999908413738,0.13439999747788534
malcolm gladwell might be my new man crush,Positive,malcolm gladwell might be my new man crush,0.0,0.186,0.814,0.009999996109399945,Neutral,0.10990000009769574,0.11989999620709568
omg the commercials alone on espn are going to drive me nuts,Negative,omg the commercials alone on espn are going to drive me nuts,0.0,0.301,0.699,0.01049999991664663,Neutral,0.0962999984039925,0.10679999832063913
playing with twitter api sounds fun may need to take a class or find a new friend who like to generate results with api code,Positive,playing with twitter api sounds fun may need to take a class or find a new friend who like to generate results with api code,0.362,0.0,0.638,0.009999996109399945,Positive,0.11069999891333282,0.12069999502273276
hello twitter api,Positive,hello twitter api,0.0,0.0,1.0,0.009399998816661537,Neutral,0.11129999620607123,0.12069999502273276
because the twitter api is slow and most client s aren t good,Negative,because the twitter api is slow and most client s aren t good,0.24,0.0,0.76,0.010000003385357559,Neutral,0.09050000517163426,0.10050000855699182
yahoo answers can be a butt sometimes,Negative,yahoo answers can be a butt sometimes,0.0,0.0,1.0,0.009400006092619151,Neutral,0.11069999891333282,0.12010000500595197
is scrapbooking with nic d,Positive,is scrapbooking with nic d,0.0,0.0,1.0,0.009499999578110874,Neutral,0.11000000085914508,0.11950000043725595
rt five things wolfram alpha does better and vastly different than google,Positive,rt five things wolfram alpha does better and vastly different than google,0.209,0.0,0.791,0.010000003385357559,Neutral,0.08550000347895548,0.09550000686431304
just changed my default pic to a nike basketball cause bball is awesome,Positive,just changed my default pic to a nike basketball cause bball is awesome,0.272,0.0,0.728,0.0109999964479357,Neutral,0.08850000449456275,0.09950000094249845
rt was just told that nike layoffs started today,Negative,rt was just told that nike layoffs started today,0.0,0.0,1.0,0.01219999830937013,Neutral,0.127500003145542,0.13970000145491213
back when i worked for nike we had one fav word just do it,Positive,back when i worked for nike we had one fav word just do it,0.2,0.0,0.8,0.014499993994832039,Neutral,0.08589999924879521,0.10039999324362725
by the way i m totally inspired by this freaky nike commercial,Positive,by the way i m totally inspired by this freaky nike commercial,0.25,0.179,0.572,0.018300001102034003,Neutral,0.08450000314041972,0.10280000424245372
class the d is supposed to come today,Positive,class the d is supposed to come today,0.0,0.0,1.0,0.008600000001024455,Neutral,0.11119999544462189,0.11979999544564635
needs someone to explain lambda calculus to him,Negative,needs someone to explain lambda calculus to him,0.0,0.0,1.0,0.019599996448960155,Neutral,0.14859999646432698,0.16819999291328713
took the graduate field exam for computer science today nothing makes you feel like more of an idiot than lambda calculus,Negative,took the graduate field exam for computer science today nothing makes you feel like more of an idiot than lambda calculus,0.1,0.142,0.758,0.009700001101009548,Neutral,0.15829999756533653,0.16799999866634607
shout outs to all east palo alto for being in the buildin karizmakaze cal gta also thanks to profits of doom universal hempz cracka,Positive,shout outs to all east palo alto for being in the buildin karizmakaze cal gta also thanks to profits of doom universal hempz cracka,0.197,0.092,0.712,0.009499999578110874,Neutral,0.09169999975711107,0.10119999933522195
yeahhhhhhhhh i wouldn t really have lived in east palo alto if i could have avoided it i guess it s only for the summer,Negative,yeahhhhhhhhh i wouldn t really have lived in east palo alto if i could have avoided it i guess it s only for the summer,0.0,0.112,0.888,0.008999995770864189,Neutral,0.1038999980664812,0.11289999383734539
great stanford course thanks for making it available to the public really helpful and informative for starting off,Positive,great stanford course thanks for making it available to the public really helpful and informative for starting off,0.402,0.0,0.598,0.009000003046821803,Positive,0.1106000054278411,0.1196000084746629
work til pm lets go lakers,Positive,work til pm lets go lakers,0.0,0.0,1.0,0.008600000001024455,Neutral,0.11690000246744603,0.12550000246847048
damn you north korea,Negative,damn you north korea,0.0,0.474,0.526,0.011199997970834374,Negative,0.07690000347793102,0.0881000014487654
can we just go ahead and blow north korea off the map already,Negative,can we just go ahead and blow north korea off the map already,0.0,0.0,1.0,0.008700000762473792,Neutral,0.11649999942164868,0.12520000018412247
north korea please cease this douchebaggery china doesn t even like you anymore,Negative,north korea please cease this douchebaggery china doesn t even like you anymore,0.324,0.0,0.676,0.008999995770864189,Positive,0.09410000347997993,0.10309999925084412
why the hell is pelosi in freakin china and on whose dime,Negative,why the hell is pelosi in freakin china and on whose dime,0.0,0.295,0.705,0.009000003046821803,Neutral,0.08459999662591144,0.09359999967273325
are you burning more cash than chrysler and gm stop the financial tsunami where bailout means taking a handout,Negative,are you burning more cash than chrysler and gm stop the financial tsunami where bailout means taking a handout,0.0,0.184,0.816,0.008899995009414852,Neutral,0.0988000028883107,0.10769999789772555
insects have infected my spinach plant,Negative,insects have infected my spinach plant,0.0,0.39,0.61,0.009000003046821803,Negative,0.08819999493425712,0.09719999798107892
wish i could catch every mosquito in the world n burn em slowly they been bitin the shit outta me day mosquitos are the assholes of insects,Negative,wish i could catch every mosquito in the world n burn em slowly they been bitin the shit outta me day mosquitos are the assholes of insects,0.206,0.117,0.677,0.009499999578110874,Neutral,0.07750000077066943,0.0870000003487803
just got back from church and i totally hate insects,Negative,just got back from church and i totally hate insects,0.0,0.333,0.667,0.009099996532313526,Neutral,0.09399999544257298,0.1030999919748865
just got mcdonalds goddam those eggs make me sick o yeah laker up date go lakers not much of an update well it s true so suck it,Negative,just got mcdonalds goddam those eggs make me sick o yeah laker up date go lakers not much of an update well it s true so suck it,0.189,0.28,0.531,0.00960000033956021,Neutral,0.07789999654050916,0.08749999688006938
omgg i ohhdee want mcdonalds damn i wonder if its open lol,Positive,omgg i ohhdee want mcdonalds damn i wonder if its open lol,0.297,0.196,0.507,0.009499999578110874,Neutral,0.07639999967068434,0.08589999924879521
history exam studying ugh,Negative,history exam studying ugh,0.0,0.483,0.517,0.009199997293762863,Negative,0.0718000010238029,0.08099999831756577
i hate revision it s so boring i am totally unprepared for my exam tomorrow things are not looking good,Negative,i hate revision it s so boring i am totally unprepared for my exam tomorrow things are not looking good,0.0,0.394,0.606,0.009000003046821803,Negative,0.09549999958835542,0.10450000263517722
higher physics exam tommorow not lookin forward to it much,Negative,higher physics exam tommorow not lookin forward to it much,0.0,0.0,1.0,0.00839999847812578,Neutral,0.11320000339765102,0.1216000018757768
it s a bank holiday yet i m only out of work now exam season sucks,Negative,it s a bank holiday yet i m only out of work now exam season sucks,0.178,0.164,0.658,0.01049999991664663,Neutral,0.08209999941755086,0.09259999933419749
cheney and bush are the real culprits,Negative,cheney and bush are the real culprits,0.0,0.0,1.0,0.008700000762473792,Neutral,0.23700000019744039,0.24570000095991418
life s a bitch and so is dick cheney p bipart tlot tcot hhrs gop dnc,Negative,life s a bitch and so is dick cheney p bipart tlot tcot hhrs gop dnc,0.0,0.401,0.599,0.009300005331169814,Negative,0.15700000221841037,0.1663000075495802
dick cheney s dishonest speech about torture terror and obama fred kaplan slate,Negative,dick cheney s dishonest speech about torture terror and obama fred kaplan slate,0.0,0.641,0.359,0.01309999788645655,Negative,0.10479999764356762,0.11789999553002417
the republican party is a bunch of anti abortion zealots who couldn t draw flies to a dump neal boortz just now on the radio,Negative,the republican party is a bunch of anti abortion zealots who couldn t draw flies to a dump neal boortz just now on the radio,0.099,0.245,0.657,0.009499999578110874,Neutral,0.16140000661835074,0.17090000619646162
is twitter s connections api broken some tweets didn t make it to twitter,Negative,is twitter s connections api broken some tweets didn t make it to twitter,0.0,0.22,0.78,0.009199997293762863,Neutral,0.08600000001024455,0.09519999730400741
i srsly hate the stupid twitter api timeout thing soooo annoying,Negative,i srsly hate the stupid twitter api timeout thing soooo annoying,0.0,0.583,0.417,0.00910000380827114,Negative,0.08030000026337802,0.08940000407164916
i really liked learning jquery book is worth a look too,Positive,i really liked learning jquery book is worth a look too,0.416,0.0,0.584,0.009199997293762863,Positive,0.0855999969644472,0.09479999425821006
very interesting ad from adobe by goodby silverstein amp partners youtube adobe cs le sens propre,Positive,very interesting ad from adobe by goodby silverstein amp partners youtube adobe cs le sens propre,0.166,0.0,0.834,0.009000003046821803,Neutral,0.08440000237897038,0.09340000542579219
goodby silverstein agency new site great,Positive,goodby silverstein agency new site great,0.451,0.0,0.549,0.009199997293762863,Positive,0.11010000162059441,0.11929999891435727
rt goodby silverstein s new site i enjoy it nice find,Positive,rt goodby silverstein s new site i enjoy it nice find,0.462,0.0,0.538,0.009200004569720477,Positive,0.08450000314041972,0.0937000077101402
the ever amazing psyop and goodby silverstein amp partners for hp have to go play with after effects now,Positive,the ever amazing psyop and goodby silverstein amp partners for hp have to go play with after effects now,0.267,0.0,0.733,0.009099996532313526,Neutral,0.09699999645818025,0.10609999299049377
top ten most watched on viral video chart love the nike mostvaluablepuppets campaign from wieden amp kennedy,Positive,top ten most watched on viral video chart love the nike mostvaluablepuppets campaign from wieden amp kennedy,0.286,0.0,0.714,0.009000003046821803,Neutral,0.07829999958630651,0.08730000263312832
zomg i have a g,Positive,zomg i have a g,0.0,0.0,1.0,0.008499999239575118,Neutral,0.09780000254977494,0.10630000178935006
ok so lots of buzz from io but how lucky are they a free g,Positive,ok so lots of buzz from io but how lucky are they a free g,0.494,0.0,0.506,0.009199997293762863,Positive,0.09660000068834051,0.10579999798210338
just got a free g android at google i o,Positive,just got a free g android at google i o,0.398,0.0,0.602,0.009099996532313526,Positive,0.09119999594986439,0.10029999248217791
guess i ll be retiring my g and start using my developer g woot googleio,Positive,guess i ll be retiring my g and start using my developer g woot googleio,0.203,0.0,0.797,0.009000003046821803,Neutral,0.07529999857069924,0.08430000161752105
i am happy for philip being at googleio today,Positive,i am happy for philip being at googleio today,0.346,0.0,0.654,0.00910000380827114,Positive,0.08499999967170879,0.09410000347997993
lakers played great cannot wait for thursday night lakers vs,Positive,lakers played great cannot wait for thursday night lakers vs,0.448,0.0,0.552,0.009099996532313526,Positive,0.09040000441018492,0.09950000094249845
judd apatow creates fake sitcom on nbc com to market his new movie viral marketing at its best,Positive,judd apatow creates fake sitcom on nbc com to market his new movie viral marketing at its best,0.258,0.127,0.615,0.00960000033956021,Neutral,0.0714999987394549,0.0810999990790151
viral marketing fail this acia pills brand oughta get shut down for hacking into people s messenger s i get msgs in a day arrrgh,Negative,viral marketing fail this acia pills brand oughta get shut down for hacking into people s messenger s i get msgs in a day arrrgh,0.0,0.149,0.851,0.009000003046821803,Neutral,0.07989999721758068,0.08890000026440248
watching night at the museum lmao,Positive,watching night at the museum lmao,0.438,0.0,0.562,0.009099996532313526,Positive,0.06359999679261819,0.07269999332493171
i loved night at the museum,Positive,i loved night at the museum,0.494,0.0,0.506,0.0092999980552122,Positive,0.06290000601438805,0.07220000406960025
just got back from the movies went to see the new night at the museum with rachel it was good,Positive,just got back from the movies went to see the new night at the museum with rachel it was good,0.132,0.0,0.868,0.009000003046821803,Neutral,0.0822000001790002,0.091200003225822
i will take you on a date to see night at the museum whenever you want it looks soooooo good,Positive,i will take you on a date to see night at the museum whenever you want it looks soooooo good,0.208,0.0,0.792,0.008999995770864189,Neutral,0.08230000094044954,0.09129999671131372
no watching the night at the museum getting really good,Positive,no watching the night at the museum getting really good,0.238,0.164,0.597,0.009500006854068488,Neutral,0.06900000153109431,0.0785000083851628
night at the museum wolverine and junk food perfect monday,Positive,night at the museum wolverine and junk food perfect monday,0.291,0.0,0.709,0.009000003046821803,Neutral,0.08570000500185415,0.09470000804867595
saw night at the museum last night pretty crazy movie but the cast was awesome so it was well worth it robin williams forever,Positive,saw night at the museum last night pretty crazy movie but the cast was awesome so it was well worth it robin williams forever,0.388,0.05,0.561,0.00960000033956021,Positive,0.08119999984046444,0.09080000018002465
night at the museum tonite instead of up oh well that yr old better enjoy it lol,Negative,night at the museum tonite instead of up oh well that yr old better enjoy it lol,0.458,0.0,0.542,0.009099996532313526,Positive,0.06289999873843044,0.07199999527074397
it s unfortunate that after the stimulus plan was put in place twice to help gm on the back of the american people has led to the inevitable,Negative,it s unfortunate that after the stimulus plan was put in place twice to help gm on the back of the american people has led to the inevitable,0.088,0.098,0.814,0.013299999409355223,Neutral,0.08299999899463728,0.0962999984039925
tell me again why we are giving more to gm we should use that for all the programs that support the unemployed,Negative,tell me again why we are giving more to gm we should use that for all the programs that support the unemployed,0.203,0.0,0.797,0.00910000380827114,Neutral,0.07370000093942508,0.08280000474769622
oh yes but if gm dies it will only be worth more boo hahaha,Negative,oh yes but if gm dies it will only be worth more boo hahaha,0.464,0.0,0.536,0.009099996532313526,Positive,0.06910000229254365,0.07819999882485718
time warner cable is down again rd time since memorial day bummer,Negative,time warner cable is down again rd time since memorial day bummer,0.0,0.191,0.809,0.009000003046821803,Neutral,0.07569999434053898,0.08469999738736078
i would rather pay reasonable yearly taxes for free fast internet than get gouged by time warner for a slow connection,Negative,i would rather pay reasonable yearly taxes for free fast internet than get gouged by time warner for a slow connection,0.152,0.065,0.783,0.009499999578110874,Neutral,0.07660000119358301,0.08610000077169389
nooooooo my dvr just died and i was only half way through the ea presser hate you time warner,Negative,nooooooo my dvr just died and i was only half way through the ea presser hate you time warner,0.0,0.313,0.687,0.008999995770864189,Neutral,0.07850000110920519,0.08749999688006938
f ck time warner cable you f cking suck balls i have a hd tv amp my damn hd channels hardly ever come in bullshit,Negative,f ck time warner cable you f cking suck balls i have a hd tv amp my damn hd channels hardly ever come in bullshit,0.0,0.343,0.657,0.00910000380827114,Negative,0.0824999951873906,0.09159999899566174
time warner has the worse customer service ever i will never use them again,Negative,time warner has the worse customer service ever i will never use them again,0.0,0.205,0.795,0.008900002285372466,Neutral,0.07860000187065452,0.08750000415602699
time warner is the devil worst possible time for the internet to go out,Negative,time warner is the devil worst possible time for the internet to go out,0.0,0.415,0.585,0.008999995770864189,Negative,0.0886999987415038,0.097699994512368
fuck no internet damn time warner,Negative,fuck no internet damn time warner,0.0,0.737,0.263,0.009200004569720477,Negative,0.08499999967170879,0.09420000424142927
time warner really picks the worst time to not work all i want to do is get to mtv com so i can watch the hills wtfffff,Negative,time warner really picks the worst time to not work all i want to do is get to mtv com so i can watch the hills wtfffff,0.0,0.195,0.805,0.00910000380827114,Neutral,0.08550000347895548,0.09460000728722662
i hate time warner soooo wish i had vios cant watch the fricken mets game w o buffering i feel like im watching free internet porn,Negative,i hate time warner soooo wish i had vios cant watch the fricken mets game w o buffering i feel like im watching free internet porn,0.291,0.127,0.582,0.009399998816661537,Neutral,0.07330000516958535,0.08270000398624688
ahh got rid of stupid time warner today amp now taking a nap while the roomies cook for me pretty good end for a monday,Negative,ahh got rid of stupid time warner today amp now taking a nap while the roomies cook for me pretty good end for a monday,0.207,0.115,0.678,0.009499999578110874,Neutral,0.07090000144671649,0.08040000102482736
time warner s hd line up is crap,Negative,time warner s hd line up is crap,0.0,0.302,0.698,0.008999995770864189,Neutral,0.07700000423938036,0.08600000001024455
is being fucked by time warner cable didnt know modems could explode and susan boyle sucks too,Negative,is being fucked by time warner cable didnt know modems could explode and susan boyle sucks too,0.0,0.315,0.685,0.008900002285372466,Neutral,0.07809999806340784,0.0870000003487803
time warner cable slogan where calling it a day at pm happens,Negative,time warner cable slogan where calling it a day at pm happens,0.0,0.0,1.0,0.008499999239575118,Neutral,0.10420000035082921,0.11269999959040433
recovering from surgery wishing was here,Negative,recovering from surgery wishing was here,0.275,0.0,0.725,0.009000003046821803,Neutral,0.07910000567790121,0.08810000872472301
my wrist still hurts i have to get it looked at i hate the dr dentist scary places time to watch eagle eye if you want to join txt,Positive,my wrist still hurts i have to get it looked at i hate the dr dentist scary places time to watch eagle eye if you want to join txt,0.099,0.282,0.62,0.009399998816661537,Neutral,0.08200000593205914,0.09140000474872068
the dentist lied u won t feel any discomort prob won t even need pain pills man u twippin this shit hurt how many pills can i take,Negative,the dentist lied u won t feel any discomort prob won t even need pain pills man u twippin this shit hurt how many pills can i take,0.195,0.357,0.448,0.009499999578110874,Neutral,0.11439999798312783,0.1238999975612387
my dentist is great but she s expensive,Negative,my dentist is great but she s expensive,0.298,0.0,0.702,0.008999995770864189,Neutral,0.1345000055152923,0.14350000128615648
is studing math tomorrow exam and dentist,Positive,is studing math tomorrow exam and dentist,0.0,0.0,1.0,0.008600000001024455,Neutral,0.22020000324118882,0.22880000324221328
my dentist was wrong wrong,Negative,my dentist was wrong wrong,0.0,0.674,0.326,0.009099996532313526,Negative,0.13330000365385786,0.14240000018617138
going to the dentist later,Negative,going to the dentist later,0.0,0.0,1.0,0.008499999239575118,Neutral,0.31799999851500615,0.3264999977545813
son has me looking at cars online i hate car shopping would rather go to the dentist anyone with a good car at a good price to sell,Negative,son has me looking at cars online i hate car shopping would rather go to the dentist anyone with a good car at a good price to sell,0.184,0.117,0.698,0.009499999578110874,Neutral,0.20680000307038426,0.21630000264849514
luke and i got stopped walking out of safeway and asked to empty our pockets and lift our shirts how jacked up is that,Negative,luke and i got stopped walking out of safeway and asked to empty our pockets and lift our shirts how jacked up is that,0.0,0.15,0.85,0.009200004569720477,Neutral,0.2049000031547621,0.21410000772448257
safeway is very rock n roll tonight,Positive,safeway is very rock n roll tonight,0.0,0.0,1.0,0.008499999239575118,Neutral,0.26530000468483195,0.27380000392440706
the safeway bathroom still smells like ass,Negative,the safeway bathroom still smells like ass,0.227,0.318,0.455,0.01309999788645655,Neutral,0.24279999342979863,0.2558999913162552
at safeway on elkhorn they move like they re dead,Negative,at safeway on elkhorn they move like they re dead,0.169,0.291,0.541,0.009499999578110874,Neutral,0.10440000187372789,0.11390000145183876
i love dwight howard s vitamin water commercial now i wish he was with nike and not adidas lol,Positive,i love dwight howard s vitamin water commercial now i wish he was with nike and not adidas lol,0.388,0.1,0.512,0.00960000033956021,Neutral,0.1005000012810342,0.11010000162059441
found nothing at nike factory off to banana republic outlet,Negative,found nothing at nike factory off to banana republic outlet,0.0,0.0,1.0,0.008600000001024455,Neutral,0.115999995614402,0.12459999561542645
is lovin his nike already and that s only from running on the spot in his bedroom,Positive,is lovin his nike already and that s only from running on the spot in his bedroom,0.0,0.0,1.0,0.008600000001024455,Neutral,0.1362999973935075,0.14489999739453197
i finally got around to using jquery to make my bio collapse yay for slide animations,Positive,i finally got around to using jquery to make my bio collapse yay for slide animations,0.173,0.163,0.663,0.00960000033956021,Neutral,0.14510000619338825,0.15470000653294846
right lol we ll get there i have high expectations warren buffet style,Positive,right lol we ll get there i have high expectations warren buffet style,0.203,0.0,0.797,0.009000003046821803,Neutral,0.08569999772589654,0.09470000077271834
rt rt great someone s sitting in the shade today because someone planted a tree a long time ago warren buffet,Positive,rt rt great someone s sitting in the shade today because someone planted a tree a long time ago warren buffet,0.194,0.0,0.806,0.008999995770864189,Neutral,0.08740000339457765,0.09639999916544184
warren buffet became for a time the richest man in the united states not by working but investing in big idea which lead to the fortune,Positive,warren buffet became for a time the richest man in the united states not by working but investing in big idea which lead to the fortune,0.151,0.0,0.849,0.009000003046821803,Neutral,0.08710000111022964,0.09610000415705144
according to the create a school notre dame will have receivers in ncaa at or higher rating sweet,Positive,according to the create a school notre dame will have receivers in ncaa at or higher rating sweet,0.254,0.0,0.746,0.008999995770864189,Neutral,0.0897999998414889,0.09879999561235309
it s definitely under warranty amp my experience is the amazon support for kindle is great had to contact them about my kindle,Positive,it s definitely under warranty amp my experience is the amazon support for kindle is great had to contact them about my kindle,0.384,0.0,0.616,0.009000003046821803,Positive,0.134599999000784,0.1436000020476058
time warner road runner customer support here absolutely blows i hate not having other high speed net options i m ready to go nuclear,Negative,time warner road runner customer support here absolutely blows i hate not having other high speed net options i m ready to go nuclear,0.191,0.146,0.662,0.009499999578110874,Neutral,0.09380000119563192,0.1033000007737428
time warner cable phone reps r dumber than nails ugh cable was working mins ago now its not wtf,Negative,time warner cable phone reps r dumber than nails ugh cable was working mins ago now its not wtf,0.131,0.227,0.642,0.009499999578110874,Neutral,0.0790999984019436,0.08859999798005447
we tried but time warner wasn t being nice so we recorded today,Negative,we tried but time warner wasn t being nice so we recorded today,0.252,0.0,0.748,0.009000003046821803,Neutral,0.09960000170394778,0.10860000475076959
omg time warner f ed up my internet install instead of today its now next saturday another week w o internet amp ehfa v fhg fml,Negative,omg time warner f ed up my internet install instead of today its now next saturday another week w o internet amp ehfa v fhg fml,0.0,0.0,1.0,0.008499999239575118,Neutral,0.1548000000184402,0.1632999992580153
wth i have never seen a line this loooong at time warner before ugh,Negative,wth i have never seen a line this loooong at time warner before ugh,0.0,0.383,0.617,0.011600001016631722,Negative,0.11339999764459208,0.1249999986612238
impatiently awaiting the arrival of the time warner guy it s way too pretty to be inside all afternoon,Negative,impatiently awaiting the arrival of the time warner guy it s way too pretty to be inside all afternoon,0.146,0.123,0.731,0.009399998816661537,Neutral,0.08469999738736078,0.09409999620402232
naive bayes using em for text classification really frustrating,Negative,naive bayes using em for text classification really frustrating,0.0,0.431,0.569,0.009099996532313526,Negative,0.07159999950090423,0.08069999603321776
we went to stanford university today got a tour made me want to go back to college it s also decided all of our kids will go there,Positive,we went to stanford university today got a tour made me want to go back to college it s also decided all of our kids will go there,0.049,0.0,0.951,0.00910000380827114,Neutral,0.0990999978967011,0.10820000170497224
if you re being harassed by calls about your car warranty changing your number won t fix that they call every number d bags,Negative,if you re being harassed by calls about your car warranty changing your number won t fix that they call every number d bags,0.227,0.126,0.647,0.009399998816661537,Neutral,0.07609999738633633,0.08549999620299786
just blocked united blood services using google voice they call more than those car warranty guys,Negative,just blocked united blood services using google voice they call more than those car warranty guys,0.148,0.111,0.741,0.009399998816661537,Neutral,0.13349999790079892,0.14289999671746045
at amp t is complete fail,Negative,at amp t is complete fail,0.0,0.467,0.533,0.009099996532313526,Negative,0.0731999971321784,0.08229999366449192
oh snap you work at at amp t don t you,Negative,oh snap you work at at amp t don t you,0.0,0.0,1.0,0.009399998816661537,Neutral,0.10489999840501696,0.1142999972216785
i really dont want at amp t phone service they suck when it comes to having a signal,Negative,i really dont want at amp t phone service they suck when it comes to having a signal,0.0,0.253,0.747,0.009900002623908222,Neutral,0.08280000474769622,0.09270000737160444
i say we just cut out the small talk at amp t s new slogan f__k you give us your money apologies to bob geldof,Negative,i say we just cut out the small talk at amp t s new slogan fk you give us your money apologies to bob geldof,0.0,0.091,0.909,0.009899995347950608,Neutral,0.09760000102687627,0.10749999637482688
pissed about at amp t s mid contract upgrade price for the iphone it s more i m not going to pay for something i thought was,Negative,pissed about at amp t s mid contract upgrade price for the iphone it s more i m not going to pay for something i thought was,0.053,0.171,0.776,0.010399999155197293,Neutral,0.08510000043315813,0.09549999958835542
safari is fast even on my shitty at amp t tethering,Negative,safari is fast even on my shitty at amp t tethering,0.0,0.286,0.714,0.013899996702093631,Neutral,0.08550000347895548,0.09940000018104911
what is at amp t fucking up,Negative,what is at amp t fucking up,0.0,0.0,1.0,0.009399998816661537,Neutral,0.13349999790079892,0.14289999671746045
at amp t dropped the ball and isn t supporting crap with the new iphone fail att sucks,Negative,at amp t dropped the ball and isn t supporting crap with the new iphone fail att sucks,0.123,0.366,0.511,0.01049999991664663,Neutral,0.11360000644344836,0.124100006360095
yay glad you got the phone still damn you at amp t,Negative,yay glad you got the phone still damn you at amp t,0.374,0.158,0.468,0.01049999991664663,Neutral,0.10320000001229346,0.11369999992894009
talk is cheap bing that i ll stick with google,Negative,talk is cheap bing that i ll stick with google,0.0,0.0,1.0,0.009499999578110874,Neutral,0.10620000102790073,0.1157000006060116
wtf is the point of deleting tweets if they can still be found in summize and searches twitter please fix that thanks and bye,Negative,wtf is the point of deleting tweets if they can still be found in summize and searches twitter please fix that thanks and bye,0.173,0.127,0.7,0.01080000220099464,Neutral,0.13839999883202836,0.149200001033023
i love google translator too d good day mate,Positive,i love google translator too d good day mate,0.587,0.0,0.413,0.010600000678095967,Positive,0.07499999628635123,0.0855999969644472
reading on my new kindle,Positive,reading on my new kindle,0.0,0.0,1.0,0.009499999578110874,Neutral,0.11100000119768083,0.1205000007757917
my kindle came and i love it,Positive,my kindle came and i love it,0.457,0.0,0.543,0.010099996870849282,Positive,0.09169999975711107,0.10179999662796035
loving my new kindle named her kendra in case u were wondering the cookbook is the tool cuz it tells u all the tricks best gift evr,Positive,loving my new kindle named her kendra in case u were wondering the cookbook is the tool cuz it tells u all the tricks best gift evr,0.328,0.045,0.627,0.010600000678095967,Positive,0.17300000035902485,0.18360000103712082
the real aig scandal,Negative,the real aig scandal,0.0,0.492,0.508,0.016900004993658513,Negative,0.10189999738940969,0.1188000023830682
obama is quite a good comedian check out his dinner speech on cnn very funny jokes,Positive,obama is quite a good comedian check out his dinner speech on cnn very funny jokes,0.512,0.0,0.488,0.015199999324977398,Positive,0.09879999561235309,0.11399999493733048
barack obama shows his funny side gt gt great speech,Positive,barack obama shows his funny side gt gt great speech,0.651,0.0,0.349,0.016599995433352888,Positive,0.10740000288933516,0.12399999832268804
i like this guy barack obama shows his funny side gt gt,Positive,i like this guy barack obama shows his funny side gt gt,0.578,0.0,0.422,0.016699996194802225,Positive,0.07809999806340784,0.09479999425821006
obama s speech was pretty awesome last night,Positive,obama s speech was pretty awesome last night,0.593,0.0,0.407,0.016400001186411828,Positive,0.0655999974696897,0.08199999865610152
reading bill clinton fail obama win,Positive,reading bill clinton fail obama win,0.336,0.31,0.354,0.019099999917671084,Neutral,0.09210000280290842,0.1112000027205795
obama more popular than u s among arabs survey president barack obama s popularity in leading arab countries,Positive,obama more popular than u s among arabs survey president barack obama s popularity in leading arab countries,0.323,0.0,0.677,0.009999996109399945,Positive,0.0897999998414889,0.09979999595088884
obama s got jokes haha just got to watch a bit of his after dinner speech from last night i m in love with mr president,Positive,obama s got jokes haha just got to watch a bit of his after dinner speech from last night i m in love with mr president,0.326,0.0,0.674,0.009999996109399945,Positive,0.08589999924879521,0.09589999535819516
lebron james got in a car accident i guess just heard it on evening news wow i cant believe it will he be ok,Negative,lebron james got in a car accident i guess just heard it on evening news wow i cant believe it will he be ok,0.221,0.114,0.664,0.010900002962443978,Neutral,0.0790999984019436,0.09000000136438757
is it me or is this the best the playoffs have been in years oh yea lebron and melo in the finals,Positive,is it me or is this the best the playoffs have been in years oh yea lebron and melo in the finals,0.167,0.0,0.833,0.010000003385357559,Neutral,0.09310000314144418,0.10310000652680174
no lebron is the best,Positive,no lebron is the best,0.447,0.234,0.319,0.01069999416358769,Neutral,0.08990000060293823,0.10059999476652592
lebron is cool i like his personality he has good character,Positive,lebron is cool i like his personality he has good character,0.524,0.0,0.476,0.016400001186411828,Positive,0.07259999983943999,0.08900000102585182
watching lebron highlights damn that niggas good,Positive,watching lebron highlights damn that niggas good,0.242,0.425,0.333,0.010899995686486363,Neutral,0.09190000128000975,0.10279999696649611
lebron is murdering shit,Positive,lebron is murdering shit,0.0,0.798,0.202,0.010600000678095967,Negative,0.07580000237794593,0.0864000030560419
lebron is a monsta and he is only smh the world ain t ready,Positive,lebron is a monsta and he is only smh the world ain t ready,0.169,0.155,0.676,0.010799994925037026,Neutral,0.07820000610081479,0.08900000102585182
when lebron is done in the nba he will probably be greater than kobe like u said kobe is good but there alot of good players,Positive,when lebron is done in the nba he will probably be greater than kobe like u said kobe is good but there alot of good players,0.307,0.0,0.693,0.010000003385357559,Neutral,0.08450000314041972,0.09450000652577728
kobe is good bt lebron has my vote,Positive,kobe is good bt lebron has my vote,0.293,0.0,0.707,0.009000003046821803,Neutral,0.08379999781027436,0.09280000085709617
kobe is the best in the world not lebron,Negative,kobe is the best in the world not lebron,0.344,0.0,0.656,0.0092999980552122,Positive,0.09270000009564683,0.10199999815085903
world cup access damn that s a good look,Positive,world cup access damn that s a good look,0.274,0.255,0.472,0.00960000033956021,Neutral,0.08450000314041972,0.09410000347997993
just bought my tickets for the fifa world cup in south africa its going to be a great summer,Positive,just bought my tickets for the fifa world cup in south africa its going to be a great summer,0.194,0.0,0.806,0.01049999991664663,Neutral,0.09150000551017001,0.10200000542681664
i have to go to booz allen hamilton for a hr meeting but then i get to go home,Negative,i have to go to booz allen hamilton for a hr meeting but then i get to go home,0.0,0.0,1.0,0.009399998816661537,Neutral,0.11549999908311293,0.12489999789977446
the great indian tamasha truly will unfold from may the result day for indian general election,Positive,the great indian tamasha truly will unfold from may the result day for indian general election,0.333,0.0,0.667,0.009999996109399945,Positive,0.08550000347895548,0.09549999958835542
i have the kindle i ve seen pictures of the dx but haven t seen it in person i love my kindle i m on it everyday,Positive,i have the kindle i ve seen pictures of the dx but haven t seen it in person i love my kindle i m on it everyday,0.212,0.092,0.696,0.011199997970834374,Neutral,0.07760000153211877,0.08879999950295314
such an awesome idea the continual learning program with a kindle,Positive,such an awesome idea the continual learning program with a kindle,0.313,0.0,0.687,0.009000003046821803,Neutral,0.08969999908003956,0.09870000212686136
ooooh what model are you getting i have the d and love love love love it,Positive,ooooh what model are you getting i have the d and love love love love it,0.627,0.0,0.373,0.0092999980552122,Positive,0.06629999552387744,0.07559999357908964
the times of india the wonder that is india s election,Positive,the times of india the wonder that is india s election,0.0,0.0,1.0,0.008600000001024455,Neutral,0.11050000466639176,0.11910000466741621
good video from google on using search options,Positive,good video from google on using search options,0.293,0.0,0.707,0.010700001439545304,Neutral,0.08440000237897038,0.09510000381851569
lol ah my skin is itchy damn lawnmowing,Negative,lol ah my skin is itchy damn lawnmowing,0.222,0.381,0.397,0.01049999991664663,Neutral,0.08990000060293823,0.10040000051958486
itchy back dont ya hate it,Negative,itchy back dont ya hate it,0.33,0.231,0.44,0.010600000678095967,Neutral,0.08579999848734587,0.09639999916544184
stanford charity fashion show a top draw,Positive,stanford charity fashion show a top draw,0.535,0.0,0.465,0.010100004146806896,Positive,0.07929999992484227,0.08940000407164916
stanford university s facebook profile is one of the most popular official university pages,Positive,stanford university s facebook profile is one of the most popular official university pages,0.205,0.0,0.795,0.010100004146806896,Neutral,0.08600000001024455,0.09610000415705144
lyx is cool,Positive,lyx is cool,0.535,0.0,0.465,0.009200004569720477,Positive,0.07170000026235357,0.08090000483207405
sooo dissapointed they sent danny gokey home you still rock danny my hometown hero yeah milrockee,Positive,sooo dissapointed they sent danny gokey home you still rock danny my hometown hero yeah milrockee,0.293,0.0,0.707,0.008999995770864189,Neutral,0.09019999561132863,0.09919999138219282
rt american idol fashion adam lambert tones down danny gokey cute,Positive,rt american idol fashion adam lambert tones down danny gokey cute,0.231,0.0,0.769,0.009499999578110874,Neutral,0.08949999755714089,0.09899999713525176
i love you danny gokey,Positive,i love you danny gokey,0.583,0.0,0.417,0.009099996532313526,Positive,0.07709999772487208,0.08619999425718561
so tired i didn t sleep well at all last night,Negative,so tired i didn t sleep well at all last night,0.171,0.26,0.569,0.009499999578110874,Neutral,0.07529999857069924,0.08479999814881012
boarding plane for san francisco in hour hr flight blech,Negative,boarding plane for san francisco in hour hr flight blech,0.0,0.0,1.0,0.01309999788645655,Neutral,0.10759999713627622,0.12069999502273276
bonjour san francisco my back hurts from last night,Negative,bonjour san francisco my back hurts from last night,0.0,0.279,0.721,0.009000003046821803,Neutral,0.09300000237999484,0.10200000542681664
with my best girl for a few more hours in san francisco mmmmmfamily is wonderful,Positive,with my best girl for a few more hours in san francisco mmmmmfamily is wonderful,0.397,0.0,0.603,0.009099996532313526,Positive,0.10520000068936497,0.1142999972216785
f up big or go home aig,Negative,f up big or go home aig,0.0,0.0,1.0,0.008499999239575118,Neutral,0.11579999409150332,0.12429999333107844
went to see the star trek movie last night very satisfying,Positive,went to see the star trek movie last night very satisfying,0.248,0.0,0.752,0.00910000380827114,Neutral,0.08209999941755086,0.091200003225822
i can t wait going to see star trek tonight,Positive,i can t wait going to see star trek tonight,0.0,0.0,1.0,0.008499999239575118,Neutral,0.10420000035082921,0.11269999959040433
star trek was as good as everyone said,Positive,star trek was as good as everyone said,0.293,0.0,0.707,0.009000003046821803,Neutral,0.0866999980644323,0.0957000011112541
am loving new malcolm gladwell book outliers,Positive,am loving new malcolm gladwell book outliers,0.394,0.0,0.606,0.008999995770864189,Positive,0.08920000254875049,0.09819999831961468
i highly recommend malcolm gladwell s the tipping point my next audiobook will probably be one of his as well,Positive,i highly recommend malcolm gladwell s the tipping point my next audiobook will probably be one of his as well,0.234,0.0,0.766,0.009000003046821803,Neutral,0.08230000094044954,0.09130000398727134
malcolm gladwell is a genius at tricking people into not realizing he s a fucking idiot,Negative,malcolm gladwell is a genius at tricking people into not realizing he s a fucking idiot,0.07,0.229,0.701,0.009499999578110874,Neutral,0.149500003317371,0.15900000289548188
hey no offense but malcolm gladwell is a pretenious annoying cunt and he brings you down cant read his shit,Negative,hey no offense but malcolm gladwell is a pretenious annoying cunt and he brings you down cant read his shit,0.135,0.38,0.486,0.009499999578110874,Neutral,0.09519999730400741,0.10469999688211828
rt great article by malcolm gladwell,Positive,rt great article by malcolm gladwell,0.451,0.0,0.549,0.009199997293762863,Positive,0.07249999907799065,0.08169999637175351
i seriously underestimated malcolm gladwell i want to meet this dude,Positive,i seriously underestimated malcolm gladwell i want to meet this dude,0.117,0.342,0.541,0.009499999578110874,Neutral,0.09439999848837033,0.1038999980664812
i hate comcast right now everything is down cable internet amp phone ughh what am i to do,Negative,i hate comcast right now everything is down cable internet amp phone ughh what am i to do,0.0,0.198,0.802,0.00910000380827114,Neutral,0.09479999425821006,0.1038999980664812
comcast sucks,Negative,comcast sucks,0.0,0.714,0.286,0.009199997293762863,Negative,0.0681000019540079,0.07729999924777076
the day i never have to deal with comcast again will rank as one of the best days of my life,Negative,the day i never have to deal with comcast again will rank as one of the best days of my life,0.181,0.0,0.819,0.008999995770864189,Neutral,0.09049999789567664,0.09949999366654083
did comcast fail again,Negative,did comcast fail again,0.0,0.538,0.462,0.009200004569720477,Negative,0.07769999501761049,0.08689999958733097
curses the twitter api limit,Negative,curses the twitter api limit,0.0,0.0,1.0,0.008600000001024455,Neutral,0.10710000060498714,0.1157000006060116
now i can see why dave winer screams about lack of twitter api its limitations and access throttles,Negative,now i can see why dave winer screams about lack of twitter api its limitations and access throttles,0.0,0.231,0.769,0.008999995770864189,Neutral,0.08459999662591144,0.09359999239677563
arg twitter api is making me crazy,Negative,arg twitter api is making me crazy,0.0,0.286,0.714,0.009000003046821803,Neutral,0.08499999967170879,0.0940000027185306
i m really loving the new search site wolfram alpha makes google seem so quaint,Positive,i m really loving the new search site wolfram alpha makes google seem so quaint,0.259,0.0,0.741,0.009000003046821803,Neutral,0.0847000046633184,0.0937000077101402
wolfram alpha sucks even for researchers the information provided is less than you can get from google or wikipedia totally useless,Negative,wolfram alpha sucks even for researchers the information provided is less than you can get from google or wikipedia totally useless,0.0,0.227,0.773,0.01739999424898997,Neutral,0.08189999789465219,0.09929999214364216
off to the nike factory,Positive,off to the nike factory,0.0,0.0,1.0,0.008600000001024455,Neutral,0.11119999544462189,0.11979999544564635
new nike muppet commercials are pretty cute why do we live together again,Positive,new nike muppet commercials are pretty cute why do we live together again,0.36,0.0,0.64,0.009000003046821803,Positive,0.09320000390289351,0.10220000694971532
oh those are awesome i so wish they weren t owned by nike,Negative,oh those are awesome i so wish they weren t owned by nike,0.458,0.0,0.542,0.009199997293762863,Positive,0.07650000043213367,0.08569999772589654
awesome seeing the show friday at the shoreline amphitheatre never seen nin before can t wait,Positive,awesome seeing the show friday at the shoreline amphitheatre never seen nin before can t wait,0.227,0.0,0.773,0.00910000380827114,Neutral,0.08620000153314322,0.09530000534141436
arhh it s weka bug and i spent almost two hours to find that out crappy me,Negative,arhh it s weka bug and i spent almost two hours to find that out crappy me,0.0,0.205,0.795,0.012999997125007212,Neutral,0.08709999383427203,0.10009999095927924
hey bud np i do so love my d although i d love a d mkii more,Positive,hey bud np i do so love my d although i d love a d mkii more,0.587,0.0,0.413,0.009200004569720477,Positive,0.06600000051548705,0.07520000508520752
just got us a d for the office d,Positive,just got us a d for the office d,0.0,0.0,1.0,0.008600000001024455,Neutral,0.10589999874355271,0.11449999874457717
just picked up my new canon d it s beautiful prepare for some seriously awesome photography,Positive,just picked up my new canon d it s beautiful prepare for some seriously awesome photography,0.386,0.082,0.531,0.009499999578110874,Positive,0.09049999789567664,0.09999999747378752
just got my new toy canon d love love love it,Positive,just got my new toy canon d love love love it,0.643,0.0,0.357,0.009099996532313526,Positive,0.06469999789260328,0.0737999944249168
learning about lambda calculus,Positive,learning about lambda calculus,0.0,0.0,1.0,0.008800001523923129,Neutral,0.10539999493630603,0.11419999646022916
i m moving to east palo alto,Positive,i m moving to east palo alto,0.0,0.0,1.0,0.008600000001024455,Neutral,0.12870000500697643,0.13730000500800088
atebits i just finished watching your stanford iphone class session i really appreciate it you rock,Positive,atebits i just finished watching your stanford iphone class session i really appreciate it you rock,0.187,0.0,0.813,0.009099996532313526,Neutral,0.13939999917056412,0.14849999570287764
hi just saw your stanford talk and really liked your advice just saying hi from singapore yes the videos do get around,Positive,hi just saw your stanford talk and really liked your advice just saying hi from singapore yes the videos do get around,0.225,0.0,0.775,0.00910000380827114,Neutral,0.08910000178730115,0.09820000559557229
lakers tonight let s go,Positive,lakers tonight let s go,0.0,0.0,1.0,0.008600000001024455,Neutral,0.15339999663410708,0.16199999663513154
will the lakers kick the nuggets ass tonight,Positive,will the lakers kick the nuggets ass tonight,0.0,0.333,0.667,0.009099996532313526,Neutral,0.11649999942164868,0.1255999959539622
oooooooh north korea is in troubleeeee,Negative,oooooooh north korea is in troubleeeee,0.0,0.0,1.0,0.008499999239575118,Neutral,0.15070000517880544,0.15920000441838056
wat the heck is north korea doing they just conducted powerful nuclear tests follow the link,Negative,wat the heck is north korea doing they just conducted powerful nuclear tests follow the link,0.157,0.0,0.843,0.009000003046821803,Neutral,0.09210000280290842,0.10110000584973022
listening to obama friggin north korea,Negative,listening to obama friggin north korea,0.0,0.0,1.0,0.008600000001024455,Neutral,0.10589999874355271,0.11449999874457717
i just realized we three monkeys in the white obama biden pelosi sarah palin,Negative,i just realized we three monkeys in the white obama biden pelosi sarah palin,0.0,0.0,1.0,0.008499999239575118,Neutral,0.10610000026645139,0.1145999995060265
pelosi should stay in china and never come back,Negative,pelosi should stay in china and never come back,0.0,0.0,1.0,0.008499999239575118,Neutral,0.11020000238204375,0.11870000162161887
nancy pelosi gave the worst commencement speech i ve ever heard yes i m still bitter about this,Negative,nancy pelosi gave the worst commencement speech i ve ever heard yes i m still bitter about this,0.125,0.319,0.556,0.011800002539530396,Neutral,0.08070000330917537,0.09250000584870577
ugh the amount of times these stupid insects have bitten me grr,Negative,ugh the amount of times these stupid insects have bitten me grr,0.0,0.383,0.617,0.010099996870849282,Negative,0.09169999975711107,0.10179999662796035
prettiest insects ever pink katydids,Positive,prettiest insects ever pink katydids,0.481,0.0,0.519,0.010100004146806896,Positive,0.08369999704882503,0.09380000119563192
just got barraged by a horde of insects hungry for my kitchen light so scary,Negative,just got barraged by a horde of insects hungry for my kitchen light so scary,0.0,0.24,0.76,0.010100004146806896,Neutral,0.09440000576432794,0.10450000991113484
just had mcdonalds for dinner d it was goooood big mac meal,Positive,just had mcdonalds for dinner d it was goooood big mac meal,0.0,0.0,1.0,0.009399998816661537,Neutral,0.11029999586753547,0.11969999468419701
ahh yes lol ima tell my hubby to go get me sum mcdonalds,Positive,ahh yes lol ima tell my hubby to go get me sum mcdonalds,0.333,0.0,0.667,0.009999996109399945,Positive,0.09160000627161935,0.1016000023810193
stopped to have lunch at mcdonalds chicken nuggetssss yummmmmy,Positive,stopped to have lunch at mcdonalds chicken nuggetssss yummmmmy,0.0,0.192,0.808,0.009900002623908222,Neutral,0.09059999865712598,0.1005000012810342
could go for a lot of mcdonalds i mean a lot,Positive,could go for a lot of mcdonalds i mean a lot,0.0,0.0,1.0,0.009499999578110874,Neutral,0.11180000001331791,0.12129999959142879
my exam went good your prayers worked,Positive,my exam went good your prayers worked,0.326,0.0,0.674,0.00910000380827114,Positive,0.0903999971342273,0.09950000094249845
only one exam left and i am so happy for it d,Positive,only one exam left and i am so happy for it d,0.345,0.0,0.655,0.00910000380827114,Positive,0.13670000043930486,0.145800004247576
math review im going to fail the exam,Negative,math review im going to fail the exam,0.0,0.333,0.667,0.019400002202019095,Neutral,0.08820000221021473,0.10760000441223383
colin powell rocked yesterday on cbs cheney needs to shut the hell up and go home powell is a man of honor and served our country proudly,Negative,colin powell rocked yesterday on cbs cheney needs to shut the hell up and go home powell is a man of honor and served our country proudly,0.198,0.134,0.669,0.01170000177808106,Neutral,0.07680000271648169,0.08850000449456275
obviously not siding with cheney here,Negative,obviously not siding with cheney here,0.0,0.0,1.0,0.009499999578110874,Neutral,0.1373999984934926,0.14689999807160348
absolutely hilarious from,Positive,absolutely hilarious from,0.599,0.0,0.401,0.010199997632298619,Positive,0.06589999975403771,0.07609999738633633
i never did thank you for including me in your top twitter authors you rock amp i new wave d,Positive,i never did thank you for including me in your top twitter authors you rock amp i new wave d,0.095,0.112,0.793,0.01049999991664663,Neutral,0.09869999485090375,0.10919999476755038
rt awesome jquery reference book for coda webdesign,Positive,rt awesome jquery reference book for coda webdesign,0.369,0.0,0.631,0.010899995686486363,Positive,0.09380000119563192,0.10469999688211828
i ve been sending e mails like crazy today to my contacts does anyone have a contact at goodby silverstein i d love to speak to them,Positive,i ve been sending e mails like crazy today to my contacts does anyone have a contact at goodby silverstein i d love to speak to them,0.238,0.085,0.676,0.009499999578110874,Neutral,0.15809999604243785,0.16759999562054873
goodby silverstein s new site i enjoy it,Positive,goodby silverstein s new site i enjoy it,0.39,0.0,0.61,0.009000003046821803,Positive,0.19099999917671084,0.20000000222353265
wow everyone at the google i o conference got free g s with a month of unlimited service,Positive,wow everyone at the google i o conference got free g s with a month of unlimited service,0.392,0.0,0.608,0.008999995770864189,Positive,0.18500000442145392,0.1940000001923181
dood i got a free google android phone at the i o conference the g,Positive,dood i got a free google android phone at the i o conference the g,0.268,0.0,0.732,0.00910000380827114,Neutral,0.1990000018849969,0.20810000569326803
the g is amazing btw a huge improvement over the g,Positive,the g is amazing btw a huge improvement over the g,0.645,0.0,0.355,0.009199997293762863,Positive,0.15559999883407727,0.16479999612784013
html demos lots of great stuff to come yes i m excited io googleio,Positive,html demos lots of great stuff to come yes i m excited io googleio,0.505,0.0,0.495,0.009199997293762863,Positive,0.1021999996737577,0.11139999696752056
yay happy place place place i love google,Positive,yay happy place place place i love google,0.739,0.0,0.261,0.00910000380827114,Positive,0.0838999985717237,0.09300000237999484
googleio o d bringing d graphics to the browser very nice tbh funfun,Positive,googleio o d bringing d graphics to the browser very nice tbh funfun,0.256,0.0,0.744,0.008999995770864189,Neutral,0.12570000399136916,0.13469999976223335
awesome viral marketing for funny people,Positive,awesome viral marketing for funny people,0.636,0.0,0.364,0.009200004569720477,Positive,0.08019999950192869,0.08940000407164916
saw night at the museum out of sheer desperation who is funding these movies,Negative,saw night at the museum out of sheer desperation who is funding these movies,0.0,0.188,0.812,0.009099996532313526,Neutral,0.09379999391967431,0.10289999045198783
night at the museum pretty furkin good,Positive,night at the museum pretty furkin good,0.55,0.0,0.45,0.009200004569720477,Positive,0.07219999679364264,0.08140000136336312
watching night at the museum giggling,Positive,watching night at the museum giggling,0.333,0.0,0.667,0.009000003046821803,Positive,0.08879999950295314,0.09780000254977494
back from seeing star trek and night at the museum star trek was amazing but night at the museum was eh,Negative,back from seeing star trek and night at the museum star trek was amazing but night at the museum was eh,0.107,0.0,0.893,0.009000003046821803,Neutral,0.0973999995039776,0.1064000025507994
just watched night at the museum so stinkin cute,Positive,just watched night at the museum so stinkin cute,0.291,0.0,0.709,0.008999995770864189,Neutral,0.1281000004382804,0.1370999962091446
so night at the museum was awesome much better than part next weekend we ll see up,Positive,so night at the museum was awesome much better than part next weekend we ll see up,0.318,0.0,0.682,0.011399999493733048,Neutral,0.10309999925084412,0.11449999874457717
saw the new night at the museum and i loved it next is to go see up in d,Positive,saw the new night at the museum and i loved it next is to go see up in d,0.196,0.0,0.804,0.010099996870849282,Neutral,0.08960000559454784,0.09970000246539712
it is a shame about gm what if they are forced to make only cars the white house thinks will sell what do you think,Negative,it is a shame about gm what if they are forced to make only cars the white house thinks will sell what do you think,0.0,0.217,0.783,0.010000003385357559,Neutral,0.09330000466434285,0.10330000804970041
as u may have noticed not too happy about the gm situation nor aig lehman et al,Negative,as u may have noticed not too happy about the gm situation nor aig lehman et al,0.0,0.167,0.833,0.010200004908256233,Neutral,0.09549999958835542,0.10570000449661165
gm good riddance sad though,Negative,gm good riddance sad though,0.322,0.344,0.333,0.01049999991664663,Neutral,0.12600000627571717,0.1365000061923638
i will never buy a government motors vehicle until just recently i drove gm cars since when i bought a,Negative,i will never buy a government motors vehicle until just recently i drove gm cars since when i bought a,0.0,0.0,1.0,0.009499999578110874,Neutral,0.16070000128820539,0.17020000086631626
having the old coca cola guy on the gm board is stupid has heck tcot ala,Negative,having the old coca cola guy on the gm board is stupid has heck tcot ala,0.0,0.185,0.815,0.010000003385357559,Neutral,0.09349999891128391,0.10350000229664147
rantsandraves the worst thing about gm concord pleasant hill martinez is the fucking uaw,Negative,rantsandraves the worst thing about gm concord pleasant hill martinez is the fucking uaw,0.17,0.211,0.619,0.010399999155197293,Neutral,0.08379999781027436,0.09419999696547166
give a man a fish u feed him for the day teach him to fish u feed him for life buy him gm and u f k him over for good,Negative,give a man a fish u feed him for the day teach him to fish u feed him for life buy him gm and u f k him over for good,0.112,0.0,0.888,0.010000003385357559,Neutral,0.09869999485090375,0.10869999823626131
the more i hear about this gm thing the more angry i get billions wasted more bullshit all for something like k employees and all the,Negative,the more i hear about this gm thing the more angry i get billions wasted more bullshit all for something like k employees and all the,0.077,0.336,0.587,0.01049999991664663,Neutral,0.09249999857274815,0.10299999848939478
i own a gm car and it is junk as far as quality compared to a honda,Negative,i own a gm car and it is junk as far as quality compared to a honda,0.0,0.0,1.0,0.009499999578110874,Neutral,0.124100006360095,0.13360000593820587
sad day bankrupt gm,Negative,sad day bankrupt gm,0.0,0.77,0.23,0.010199997632298619,Negative,0.08410000009462237,0.09429999772692099
is upset about the whole gm thing life as i know it is so screwed up,Negative,is upset about the whole gm thing life as i know it is so screwed up,0.0,0.341,0.659,0.009999996109399945,Negative,0.09610000415705144,0.10610000026645139
whoever is running time warner needs to be repeatedly raped by a rhino so they understand the consequences of putting out shitty cable svcs,Negative,whoever is running time warner needs to be repeatedly raped by a rhino so they understand the consequences of putting out shitty cable svcs,0.0,0.281,0.719,0.009999996109399945,Neutral,0.08969999908003956,0.0996999951894395
wftb joining a bit late my connection was down boo time warner,Negative,wftb joining a bit late my connection was down boo time warner,0.0,0.0,1.0,0.009499999578110874,Neutral,0.10990000009769574,0.11939999967580661
cox or time warner cox is cheaper and gets a b on dslreports tw is more expensive and gets a c,Negative,cox or time warner cox is cheaper and gets a b on dslreports tw is more expensive and gets a c,0.0,0.0,1.0,0.009399998816661537,Neutral,0.10879999899771065,0.11819999781437218
i am furious with time warner and their phone promotions,Negative,i am furious with time warner and their phone promotions,0.0,0.316,0.684,0.0109999964479357,Neutral,0.10650000331224874,0.11749999976018444
just got home from chick fil a with the boys damn my internets down stupid time warner,Negative,just got home from chick fil a with the boys damn my internets down stupid time warner,0.0,0.303,0.697,0.00910000380827114,Neutral,0.13970000145491213,0.14880000526318327
could time warner cable suck more no,Negative,could time warner cable suck more no,0.0,0.519,0.481,0.009199997293762863,Negative,0.07639999967068434,0.0855999969644472
pissed at time warner for causin me to have slow internet problems,Negative,pissed at time warner for causin me to have slow internet problems,0.0,0.408,0.592,0.009000003046821803,Negative,0.09979999595088884,0.10879999899771065
ummm having some time warner problems,Negative,ummm having some time warner problems,0.0,0.351,0.649,0.008999995770864189,Negative,0.09139999747276306,0.10039999324362725
you guys see this why does time warner have to suck so much ass really wish i could get u verse at my apartment,Negative,you guys see this why does time warner have to suck so much ass really wish i could get u verse at my apartment,0.104,0.233,0.663,0.009399998816661537,Neutral,0.09040000441018492,0.09980000322684646
rt the upside to time warner unhelpful phone operators superslow on site service crap that s not an upside,Negative,rt the upside to time warner unhelpful phone operators superslow on site service crap that s not an upside,0.0,0.133,0.867,0.00910000380827114,Neutral,0.0943000050028786,0.10340000881114975
rt new time warner slogan time warner where we make you long for the days before cable,Negative,rt new time warner slogan time warner where we make you long for the days before cable,0.0,0.0,1.0,0.008499999239575118,Neutral,0.10940000356640667,0.11790000280598179
confirmed it s time warner s fault not facebook s that fb is taking about minutes to load so tempted to switch to verizon,Negative,confirmed it s time warner s fault not facebook s that fb is taking about minutes to load so tempted to switch to verizon,0.0,0.119,0.881,0.008999995770864189,Neutral,0.10009999823523685,0.10909999400610104
time warner epic fail,Negative,time warner epic fail,0.0,0.538,0.462,0.009300005331169814,Negative,0.06819999543949962,0.07750000077066943
i know how sad is that rt st day of hurricane season that s less scarey than govt taking over gm,Negative,i know how sad is that rt st day of hurricane season that s less scarey than govt taking over gm,0.0,0.245,0.755,0.009099996532313526,Neutral,0.09979999595088884,0.10889999248320237
gm files bankruptcy not a good sign,Negative,gm files bankruptcy not a good sign,0.0,0.325,0.675,0.009000003046821803,Neutral,0.09850000060396269,0.10750000365078449
yankees won mets lost its a good day,Positive,yankees won mets lost its a good day,0.512,0.178,0.31,0.009700001101009548,Neutral,0.10660000407369807,0.11630000517470762
my dentist appt today was actually quite enjoyable,Positive,my dentist appt today was actually quite enjoyable,0.313,0.0,0.687,0.009000003046821803,Neutral,0.09270000009564683,0.10170000314246863
i hate the effing dentist,Negative,i hate the effing dentist,0.0,0.552,0.448,0.009199997293762863,Negative,0.06859999848529696,0.07779999577905983
i hate going to the dentist,Negative,i hate going to the dentist,0.0,0.481,0.519,0.009200004569720477,Negative,0.07570000161649659,0.08490000618621707
i hate the dentist who invented them anyways,Negative,i hate the dentist who invented them anyways,0.0,0.381,0.619,0.008900002285372466,Negative,0.0895000048330985,0.09840000711847097
this dentist s office is cold,Negative,this dentist s office is cold,0.0,0.0,1.0,0.01080000220099464,Neutral,0.10569999722065404,0.11649999942164868
just applied at safeway yeeeee,Positive,just applied at safeway yeeeee,0.0,0.0,1.0,0.00790000194683671,Neutral,0.10859999747481197,0.11649999942164868
safeway place is a nightmare right now bumming,Negative,safeway place is a nightmare right now bumming,0.0,0.0,1.0,0.007800001185387373,Neutral,0.11020000238204375,0.11800000356743112
hate safeway select green tea icecream bought two cartons what a waste of money gt _ lt,Negative,hate safeway select green tea icecream bought two cartons what a waste of money gt  lt,0.102,0.316,0.583,0.009399998816661537,Neutral,0.07989999721758068,0.08929999603424221
nike rocks i m super grateful for what i ve done with them amp the european division of nike is beyond,Positive,nike rocks i m super grateful for what i ve done with them amp the european division of nike is beyond,0.301,0.0,0.699,0.008700000762473792,Neutral,0.08630000229459256,0.09500000305706635
have you tried nike v addictive,Positive,have you tried nike v addictive,0.0,0.0,1.0,0.007800001185387373,Neutral,0.10440000187372789,0.11220000305911526
the nike training club beta iphone app looks very interesting,Positive,the nike training club beta iphone app looks very interesting,0.25,0.0,0.75,0.008600000001024455,Neutral,0.08160000288626179,0.09020000288728625
argghhhh why won t my jquery appear in safari bad safari,Negative,argghhhh why won t my jquery appear in safari bad safari,0.243,0.23,0.526,0.009399998816661537,Neutral,0.07780000305501744,0.08720000187167898
i m ready to drop the pretenses i am forever in love with jquery and i want to marry it sorry ladies this nerd is jquery spokenfor js,Positive,i m ready to drop the pretenses i am forever in love with jquery and i want to marry it sorry ladies this nerd is jquery spokenfor js,0.253,0.177,0.57,0.0092999980552122,Neutral,0.08119999984046444,0.09049999789567664
super investors a great weekend read here from warren buffet oldie but a goodie,Positive,super investors a great weekend read here from warren buffet oldie but a goodie,0.333,0.0,0.667,0.008700000762473792,Positive,0.08699999307282269,0.09569999383529648
reading michael palin book the python years great book i also recommend warren buffet amp nelson mandela s bio,Positive,reading michael palin book the python years great book i also recommend warren buffet amp nelson mandela s bio,0.306,0.0,0.694,0.008600000001024455,Neutral,0.10620000102790073,0.11480000102892518
i mean i m down with notre dame if i have to it s a good school i d be closer to dan i d enjoy it,Positive,i mean i m down with notre dame if i have to it s a good school i d be closer to dan i d enjoy it,0.289,0.0,0.711,0.008600000001024455,Neutral,0.10290000500390306,0.11150000500492752
i can t watch tv without a tivo and after all these years the time warner dvr still sucks,Negative,i can t watch tv without a tivo and after all these years the time warner dvr still sucks,0.0,0.143,0.857,0.008700000762473792,Neutral,0.0931999966269359,0.10189999738940969
i d say some sports writers are idiots for saying roger federer is one of the best ever in tennis roger federer is the best ever in tennis,Positive,i d say some sports writers are idiots for saying roger federer is one of the best ever in tennis roger federer is the best ever in tennis,0.259,0.0,0.741,0.008600000001024455,Neutral,0.09239999781129882,0.10099999781232327
i still love my kindle but reading the new york times on it does not feel natural i miss the bloomingdale ads,Negative,i still love my kindle but reading the new york times on it does not feel natural i miss the bloomingdale ads,0.178,0.111,0.71,0.009399998816661537,Neutral,0.0870000003487803,0.09639999916544184
i love my kindle no more stacks of books to trip over on the way to the loo,Positive,i love my kindle no more stacks of books to trip over on the way to the loo,0.196,0.103,0.701,0.009199997293762863,Neutral,0.11180000001331791,0.12099999730708078
although today s keynote rocked for every great announcement at amp t shit on us just a little bit more,Negative,although today s keynote rocked for every great announcement at amp t shit on us just a little bit more,0.181,0.159,0.661,0.0092999980552122,Neutral,0.08750000415602699,0.09680000221123919
its not so much my obsession with cell phones but the iphone i m a slave to at amp t forever because of it,Negative,its not so much my obsession with cell phones but the iphone i m a slave to at amp t forever because of it,0.0,0.088,0.912,0.008700000762473792,Neutral,0.10860000475076959,0.11730000551324338
fuzzball is more fun than at amp t p,Negative,fuzzball is more fun than at amp t p,0.375,0.0,0.625,0.008600000001024455,Positive,0.09030000364873558,0.09890000364976004
today is a good day to dislike at amp t vote out of office indeed,Negative,today is a good day to dislike at amp t vote out of office indeed,0.176,0.158,0.667,0.009399998816661537,Neutral,0.08290000550914556,0.0923000043258071
got my wave sandbox invite extra excited too bad i have class now but i ll play with it soon enough io wave,Positive,got my wave sandbox invite extra excited too bad i have class now but i ll play with it soon enough io wave,0.241,0.089,0.671,0.009300005331169814,Neutral,0.0929000016185455,0.10220000694971532
looks like summize has gone down too many tweets from wwdc perhaps,Negative,looks like summize has gone down too many tweets from wwdc perhaps,0.185,0.0,0.815,0.008600000001024455,Neutral,0.10649999603629112,0.11509999603731558
thanks so much from one of your very happy kindle winners i was so surprised fabulous thank you best kathleen,Positive,thanks so much from one of your very happy kindle winners i was so surprised fabulous thank you best kathleen,0.658,0.0,0.342,0.008799994247965515,Positive,0.07700000423938036,0.08579999848734587
man i kinda dislike apple right now case in point the iphone gs wish there was a video recorder app please,Negative,man i kinda dislike apple right now case in point the iphone gs wish there was a video recorder app please,0.215,0.099,0.686,0.00960000033956021,Neutral,0.08550000347895548,0.09510000381851569
i have a kindle amp sony prs like it physical device feels good font is nice pg turns are snappy enuf ui a little klunky,Positive,i have a kindle amp sony prs like it physical device feels good font is nice pg turns are snappy enuf ui a little klunky,0.301,0.0,0.699,0.008600000001024455,Neutral,0.09190000128000975,0.1005000012810342
the kindle seems the best ereader but will it work in the uk and where can i get one,Positive,the kindle seems the best ereader but will it work in the uk and where can i get one,0.133,0.0,0.867,0.012800002878066152,Neutral,0.09819999831961468,0.11100000119768083
i have a google addiction thank you for pointing that out hahaha,Positive,i have a google addiction thank you for pointing that out hahaha,0.433,0.0,0.567,0.009499999578110874,Positive,0.07950000144774094,0.08900000102585182
dearest you rich bastards the visa card you sent me doesn t work why screw a little guy like me,Negative,dearest you rich bastards the visa card you sent me doesn t work why screw a little guy like me,0.339,0.194,0.467,0.009499999578110874,Neutral,0.0847000046633184,0.09420000424142927
excited about seeing bobby flay and guy fieri tomorrow at the great american food amp music fest,Positive,excited about seeing bobby flay and guy fieri tomorrow at the great american food amp music fest,0.302,0.0,0.698,0.009199997293762863,Neutral,0.09210000280290842,0.10130000009667128
gonna go see bobby flay moro at shoreline eat and drink gonna be good,Positive,gonna go see bobby flay moro at shoreline eat and drink gonna be good,0.182,0.0,0.818,0.008800001523923129,Neutral,0.08939999679569155,0.09819999831961468
can t wait for the great american food and music festival at shoreline tomorrow mmm katz pastrami and bobby flay yes please,Positive,can t wait for the great american food and music festival at shoreline tomorrow mmm katz pastrami and bobby flay yes please,0.42,0.0,0.58,0.008899995009414852,Positive,0.07449999975506216,0.08339999476447701
my dad was in ny for a day we ate at mesa grill last night and met bobby flay so much fun except i completely lost my voice today,Positive,my dad was in ny for a day we ate at mesa grill last night and met bobby flay so much fun except i completely lost my voice today,0.115,0.083,0.802,0.009499999578110874,Neutral,0.09970000246539712,0.109200002043508
fighting with latex again,Negative,fighting with latex again,0.0,0.455,0.545,0.009200004569720477,Negative,0.08269999671028927,0.09190000128000975
we love you too and don t want you to die latex the devil,Negative,we love you too and don t want you to die latex the devil,0.241,0.364,0.395,0.0092999980552122,Neutral,0.0855999969644472,0.0948999950196594
hours hours of inkscape crashing normally solid as a rock hours of latex complaining at the slightest thing i can t take any more,Negative,hours hours of inkscape crashing normally solid as a rock hours of latex complaining at the slightest thing i can t take any more,0.071,0.08,0.848,0.0092999980552122,Neutral,0.09660000068834051,0.10589999874355271
shit s hitting the fan in iran craziness indeed iranelection,Negative,shit s hitting the fan in iran craziness indeed iranelection,0.159,0.428,0.414,0.009399998816661537,Neutral,0.0853000019560568,0.09470000077271834
monday already iran may implode kitchen is a disaster seems happy had a nice weekend and is great whoop,Negative,monday already iran may implode kitchen is a disaster seems happy had a nice weekend and is great whoop,0.383,0.148,0.469,0.009300005331169814,Neutral,0.08479999814881012,0.09410000347997993
getting ready to test out some burger receipes this weekend bobby flay has some great receipes to try thanks bobby,Positive,getting ready to test out some burger receipes this weekend bobby flay has some great receipes to try thanks bobby,0.358,0.0,0.642,0.008600000001024455,Positive,0.12440000136848539,0.13300000136950985
i lam so in love with bobby flay he is my favorite rt you need a place in phoenix we have great peppers here,Positive,i lam so in love with bobby flay he is my favorite rt you need a place in phoenix we have great peppers here,0.379,0.0,0.621,0.008900002285372466,Positive,0.09080000018002465,0.09970000246539712
i just created my first latex file from scratch that didn t work out very well see it s a great time waster,Negative,i just created my first latex file from scratch that didn t work out very well see it s a great time waster,0.347,0.0,0.653,0.009000003046821803,Positive,0.0883999964571558,0.0973999995039776
using linux and loving it so much nicer than windows looking forward to using the wysiwyg latex editor,Positive,using linux and loving it so much nicer than windows looking forward to using the wysiwyg latex editor,0.307,0.0,0.693,0.008999995770864189,Neutral,0.08649999654153362,0.09549999231239781
after using latex a lot any other typeset mathematics just looks hideous,Positive,after using latex a lot any other typeset mathematics just looks hideous,0.0,0.0,1.0,0.008499999239575118,Neutral,0.10829999519046396,0.11679999443003908
on that note i hate word i hate pages i hate latex there i said it i hate latex all you texn rds can come kill me now,Negative,on that note i hate word i hate pages i hate latex there i said it i hate latex all you texn rds can come kill me now,0.0,0.52,0.48,0.00910000380827114,Negative,0.0689999942551367,0.07809999806340784
ahhh back in a real text editing environment i lt latex,Positive,ahhh back in a real text editing environment i lt latex,0.0,0.0,1.0,0.00839999847812578,Neutral,0.11249999806750566,0.12089999654563144
trouble in iran i see hmm iran iran so far away flockofseagullsweregeopoliticallycorrect,Negative,trouble in iran i see hmm iran iran so far away flockofseagullsweregeopoliticallycorrect,0.0,0.213,0.787,0.009000003046821803,Neutral,0.08549999620299786,0.09449999924981967
reading the tweets coming out of iran the whole thing is terrifying and incredibly sad,Negative,reading the tweets coming out of iran the whole thing is terrifying and incredibly sad,0.0,0.353,0.647,0.009000003046821803,Negative,0.09030000364873558,0.09930000669555739
